line,NC,X,Y,Z,A,B,C,R,F,vX,vY,vZ,vA,vB,vC,time,cumulative time
1,%,0.0000000000,0.0000000000,0.0000000000,0.0000000000,0.0000000000,0.0000000000,0.0000000000,1000,0.000000,0.000000,0.000000,0.000000,0.000000,0.000000,0.0000000000,0.0000000000
2,(* MAKINO V22 1/10000 POST *),0.0000000000,0.0000000000,0.0000000000,0.0000000000,0.0000000000,0.0000000000,0.0000000000,1000,0.000000,0.000000,0.000000,0.000000,0.000000,0.000000,0.0000000000,0.0000000000
3,(* CLNAME=B-C.GCL *),0.0000000000,0.0000000000,0.0000000000,0.0000000000,0.0000000000,0.0000000000,0.0000000000,1000,0.000000,0.000000,0.000000,0.000000,0.000000,0.000000,0.0000000000,0.0000000000
4,(* TOOL DIAM=6.0000,RADI=3.0000,BALL *),0.0000000000,0.0000000000,0.0000000000,0.0000000000,0.0000000000,0.0000000000,0.0000000000,1000,0.000000,0.000000,0.000000,0.000000,0.000000,0.000000,0.0000000000,0.0000000000
5,(* TIME=000:00:19SEC *),0.0000000000,0.0000000000,0.0000000000,0.0000000000,0.0000000000,0.0000000000,0.0000000000,1000,0.000000,0.000000,0.000000,0.000000,0.000000,0.000000,0.0000000000,0.0000000000
6,O0002,0.0000000000,0.0000000000,0.0000000000,0.0000000000,0.0000000000,0.0000000000,0.0000000000,1000,0.000000,0.000000,0.000000,0.000000,0.000000,0.000000,0.0000000000,0.0000000000
7,S14000M03,0.0000000000,0.0000000000,0.0000000000,0.0000000000,0.0000000000,0.0000000000,0.0000000000,1000,0.000000,0.000000,0.000000,0.000000,0.000000,0.000000,0.0000000000,0.0000000000
8,G05P10000,0.0000000000,0.0000000000,0.0000000000,0.0000000000,0.0000000000,0.0000000000,0.0000000000,1000,0.000000,0.000000,0.000000,0.000000,0.000000,0.000000,0.0000000000,0.0000000000
9,G90,0.0000000000,0.0000000000,0.0000000000,0.0000000000,0.0000000000,0.0000000000,0.0000000000,1000,0.000000,0.000000,0.000000,0.000000,0.000000,0.000000,0.0000000000,0.0000000000
10,G00X27.9801Y55.2476,27.9801000000,55.2476000000,0.0000000000,0.0000000000,0.0000000000,0.0000000000,0.0000000000,5000.0000000000,2259.051875,4460.569989,0.000000,0.000000,0.000000,0.000000,0.0123857714,0.0000000000
11,Z-22.3,27.9801000000,55.2476000000,-22.3000000000,0.0000000000,0.0000000000,0.0000000000,0.0000000000,5000.0000000000,0.000000,0.000000,-5000.000000,0.000000,0.000000,0.000000,0.0044600000,0.0123857714
12,G01Z-25.3F420,27.9801000000,55.2476000000,-25.3000000000,0.0000000000,0.0000000000,0.0000000000,0.0000000000,420,0.000000,0.000000,-420.000000,0.000000,0.000000,0.000000,0.0071428571,0.0168457714
13,X26.0519Y48.892F840,26.0519000000,48.8920000000,-25.3000000000,0.0000000000,0.0000000000,0.0000000000,0.0000000000,840,-243.868062,-803.821105,0.000000,0.000000,0.000000,0.000000,0.0079067344,0.0239886285
14,X25.5926,25.5926000000,48.8920000000,-25.3000000000,0.0000000000,0.0000000000,0.0000000000,0.0000000000,840,-840.000000,0.000000,0.000000,0.000000,0.000000,0.000000,0.0005467857,0.0318953629
15,X23.6645Y55.2476,23.6645000000,55.2476000000,-25.3000000000,0.0000000000,0.0000000000,0.0000000000,0.0000000000,840,-243.856480,803.824618,0.000000,0.000000,0.000000,0.000000,0.0079066999,0.0324421486
16,G00Z-22.4,23.6645000000,55.2476000000,-22.4000000000,0.0000000000,0.0000000000,0.0000000000,0.0000000000,5000.0000000000,0.000000,0.000000,5000.000000,0.000000,0.000000,0.000000,0.0005800000,0.0403488485
17,X27.9801,27.9801000000,55.2476000000,-22.4000000000,0.0000000000,0.0000000000,0.0000000000,0.0000000000,5000.0000000000,5000.000000,0.000000,0.000000,0.000000,0.000000,0.000000,0.0008631200,0.0409288485
18,G01Z-25.4F420,27.9801000000,55.2476000000,-25.4000000000,0.0000000000,0.0000000000,0.0000000000,0.0000000000,420,0.000000,0.000000,-420.000000,0.000000,0.000000,0.000000,0.0071428571,0.0417919685
19,X26.0519Y48.892F840,26.0519000000,48.8920000000,-25.4000000000,0.0000000000,0.0000000000,0.0000000000,0.0000000000,840,-243.868062,-803.821105,0.000000,0.000000,0.000000,0.000000,0.0079067344,0.0489348256
20,X25.5926,25.5926000000,48.8920000000,-25.4000000000,0.0000000000,0.0000000000,0.0000000000,0.0000000000,840,-840.000000,0.000000,0.000000,0.000000,0.000000,0.000000,0.0005467857,0.0568415601
21,X23.6645Y55.2476,23.6645000000,55.2476000000,-25.4000000000,0.0000000000,0.0000000000,0.0000000000,0.0000000000,840,-243.856480,803.824618,0.000000,0.000000,0.000000,0.000000,0.0079066999,0.0573883458
22,G00Z-7.5459,23.6645000000,55.2476000000,-7.5459000000,0.0000000000,0.0000000000,0.0000000000,0.0000000000,5000.0000000000,0.000000,0.000000,5000.000000,0.000000,0.000000,0.000000,0.0035708200,0.0652950456
23,X32.7568Y48.892,32.7568000000,48.8920000000,-7.5459000000,0.0000000000,0.0000000000,0.0000000000,0.0000000000,5000.0000000000,4098.066535,-2864.585602,0.000000,0.000000,0.000000,0.000000,0.0022186804,0.0688658656
24,Z-22.3,32.7568000000,48.8920000000,-22.3000000000,0.0000000000,0.0000000000,0.0000000000,0.0000000000,5000.0000000000,0.000000,0.000000,-5000.000000,0.000000,0.000000,0.000000,0.0029508200,0.0710845461
25,G01Z-25.3F420,32.7568000000,48.8920000000,-25.3000000000,0.0000000000,0.0000000000,0.0000000000,0.0000000000,420,0.000000,0.000000,-420.000000,0.000000,0.000000,0.000000,0.0071428571,0.0740353661
26,Y57.9904F840,32.7568000000,57.9904000000,-25.3000000000,0.0000000000,0.0000000000,0.0000000000,0.0000000000,840,0.000000,840.000000,0.000000,0.000000,0.000000,0.000000,0.0108314286,0.0811782232
27,X32.5223Y57.6694,32.5223000000,57.6694000000,-25.3000000000,0.0000000000,0.0000000000,0.0000000000,0.0000000000,840,-495.507971,-678.285965,0.000000,0.000000,0.000000,0.000000,0.0004732517,0.0920096518
28,X32.2383Y57.4028,32.2383000000,57.4028000000,-25.3000000000,0.0000000000,0.0000000000,0.0000000000,0.0000000000,840,-612.434524,-574.912127,0.000000,0.000000,0.000000,0.000000,0.0004637230,0.0924829035
29,X31.9749Y57.2262,31.9749000000,57.2262000000,-25.3000000000,0.0000000000,0.0000000000,0.0000000000,0.0000000000,840,-697.697313,-467.780355,0.000000,0.000000,0.000000,0.000000,0.0003775276,0.0929466265
30,X31.6864Y57.0884,31.6864000000,57.0884000000,-25.3000000000,0.0000000000,0.0000000000,0.0000000000,0.0000000000,840,-757.974944,-362.041412,0.000000,0.000000,0.000000,0.000000,0.0003806194,0.0933241542
31,X31.3745Y56.9987,31.3745000000,56.9987000000,-25.3000000000,0.0000000000,0.0000000000,0.0000000000,0.0000000000,840,-807.278452,-232.166967,0.000000,0.000000,0.000000,0.000000,0.0003863599,0.0937047736
32,X31.0409Y56.9667,31.0409000000,56.9667000000,-25.3000000000,0.0000000000,0.0000000000,0.0000000000,0.0000000000,840,-836.161932,-80.207380,0.000000,0.000000,0.000000,0.000000,0.0003989658,0.0940911335
33,G00Z-22.4,31.0409000000,56.9667000000,-22.4000000000,0.0000000000,0.0000000000,0.0000000000,0.0000000000,5000.0000000000,0.000000,0.000000,5000.000000,0.000000,0.000000,0.000000,0.0005800000,0.0944900993
34,X32.7568Y48.892,32.7568000000,48.8920000000,-22.4000000000,0.0000000000,0.0000000000,0.0000000000,0.0000000000,5000.0000000000,1039.308992,-4890.791022,0.000000,0.000000,0.000000,0.000000,0.0016510008,0.0950700993
35,G01Z-25.4F420,32.7568000000,48.8920000000,-25.4000000000,0.0000000000,0.0000000000,0.0000000000,0.0000000000,420,0.000000,0.000000,-420.000000,0.000000,0.000000,0.000000,0.0071428571,0.0967211001
36,Y57.9904F840,32.7568000000,57.9904000000,-25.4000000000,0.0000000000,0.0000000000,0.0000000000,0.0000000000,840,0.000000,840.000000,0.000000,0.000000,0.000000,0.000000,0.0108314286,0.1038639572
37,X32.5223Y57.6694,32.5223000000,57.6694000000,-25.4000000000,0.0000000000,0.0000000000,0.0000000000,0.0000000000,840,-495.507971,-678.285965,0.000000,0.000000,0.000000,0.000000,0.0004732517,0.1146953858
38,X32.2383Y57.4028,32.2383000000,57.4028000000,-25.4000000000,0.0000000000,0.0000000000,0.0000000000,0.0000000000,840,-612.434524,-574.912127,0.000000,0.000000,0.000000,0.000000,0.0004637230,0.1151686375
39,X31.9749Y57.2262,31.9749000000,57.2262000000,-25.4000000000,0.0000000000,0.0000000000,0.0000000000,0.0000000000,840,-697.697313,-467.780355,0.000000,0.000000,0.000000,0.000000,0.0003775276,0.1156323606
40,X31.6864Y57.0884,31.6864000000,57.0884000000,-25.4000000000,0.0000000000,0.0000000000,0.0000000000,0.0000000000,840,-757.974944,-362.041412,0.000000,0.000000,0.000000,0.000000,0.0003806194,0.1160098882
41,X31.3745Y56.9987,31.3745000000,56.9987000000,-25.4000000000,0.0000000000,0.0000000000,0.0000000000,0.0000000000,840,-807.278452,-232.166967,0.000000,0.000000,0.000000,0.000000,0.0003863599,0.1163905076
42,X31.0409Y56.9667,31.0409000000,56.9667000000,-25.4000000000,0.0000000000,0.0000000000,0.0000000000,0.0000000000,840,-836.161932,-80.207380,0.000000,0.000000,0.000000,0.000000,0.0003989658,0.1167768675
43,G00Z-22.3,31.0409000000,56.9667000000,-22.3000000000,0.0000000000,0.0000000000,0.0000000000,0.0000000000,5000.0000000000,0.000000,0.000000,5000.000000,0.000000,0.000000,0.000000,0.0006200000,0.1171758333
44,X41.2755Y58.2397,41.2755000000,58.2397000000,-22.3000000000,0.0000000000,0.0000000000,0.0000000000,0.0000000000,5000.0000000000,4961.765865,617.154354,0.000000,0.000000,0.000000,0.000000,0.0020626931,0.1177958333
45,G01Z-25.3F420,41.2755000000,58.2397000000,-25.3000000000,0.0000000000,0.0000000000,0.0000000000,0.0000000000,420,0.000000,0.000000,-420.000000,0.000000,0.000000,0.000000,0.0071428571,0.1198585263
46,X37.7041F840,37.7041000000,58.2397000000,-25.3000000000,0.0000000000,0.0000000000,0.0000000000,0.0000000000,840,-840.000000,0.000000,0.000000,0.000000,0.000000,0.000000,0.0042516667,0.1270013835
47,X37.4285Y53.6086,37.4285000000,53.6086000000,-25.3000000000,0.0000000000,0.0000000000,0.0000000000,0.0000000000,840,-49.900703,-838.516499,0.000000,0.000000,0.000000,0.000000,0.0055229682,0.1312530501
48,X37.8842,37.8842000000,53.6086000000,-25.3000000000,0.0000000000,0.0000000000,0.0000000000,0.0000000000,840,840.000000,0.000000,0.000000,0.000000,0.000000,0.000000,0.0005425000,0.1367760184
49,X37.9775Y53.7425,37.9775000000,53.7425000000,-25.3000000000,0.0000000000,0.0000000000,0.0000000000,0.0000000000,840,480.221850,689.192988,0.000000,0.000000,0.000000,0.000000,0.0001942852,0.1373185184
50,X38.1594Y53.9816,38.1594000000,53.9816000000,-25.3000000000,0.0000000000,0.0000000000,0.0000000000,0.0000000000,840,508.595992,668.528322,0.000000,0.000000,0.000000,0.000000,0.0003576513,0.1375128036
51,X38.3477Y54.1862,38.3477000000,54.1862000000,-25.3000000000,0.0000000000,0.0000000000,0.0000000000,0.0000000000,840,568.838732,618.079685,0.000000,0.000000,0.000000,0.000000,0.0003310253,0.1378704548
52,X38.5424Y54.3565,38.5424000000,54.3565000000,-25.3000000000,0.0000000000,0.0000000000,0.0000000000,0.0000000000,840,632.264996,553.028910,0.000000,0.000000,0.000000,0.000000,0.0003079405,0.1382014801
53,X38.7435Y54.4923,38.7435000000,54.4923000000,-25.3000000000,0.0000000000,0.0000000000,0.0000000000,0.0000000000,840,696.140572,470.093932,0.000000,0.000000,0.000000,0.000000,0.0002888784,0.1385094206
54,X38.9511Y54.5938,38.9511000000,54.5938000000,-25.3000000000,0.0000000000,0.0000000000,0.0000000000,0.0000000000,840,754.633301,368.956070,0.000000,0.000000,0.000000,0.000000,0.0002751005,0.1387982991
55,X39.1651Y54.6608,39.1651000000,54.6608000000,-25.3000000000,0.0000000000,0.0000000000,0.0000000000,0.0000000000,840,801.629761,250.977542,0.000000,0.000000,0.000000,0.000000,0.0002669562,0.1390733996
56,X39.3855Y54.6935,39.3855000000,54.6935000000,-25.3000000000,0.0000000000,0.0000000000,0.0000000000,0.0000000000,840,830.904575,123.278492,0.000000,0.000000,0.000000,0.000000,0.0002652531,0.1393403557
57,X39.6123Y54.6918,39.6123000000,54.6918000000,-25.3000000000,0.0000000000,0.0000000000,0.0000000000,0.0000000000,840,839.976404,-6.296119,0.000000,0.000000,0.000000,0.000000,0.0002700076,0.1396056088
58,X39.8938Y54.6443,39.8938000000,54.6443000000,-25.3000000000,0.0000000000,0.0000000000,0.0000000000,0.0000000000,840,828.290876,-139.764890,0.000000,0.000000,0.000000,0.000000,0.0003398565,0.1398756164
59,X40.172Y54.5507,40.1720000000,54.5507000000,-25.3000000000,0.0000000000,0.0000000000,0.0000000000,0.0000000000,840,796.146782,-267.862469,0.000000,0.000000,0.000000,0.000000,0.0003494331,0.1402154728
60,X40.434Y54.4156,40.4340000000,54.4156000000,-25.3000000000,0.0000000000,0.0000000000,0.0000000000,0.0000000000,840,746.587406,-384.976941,0.000000,0.000000,0.000000,0.000000,0.0003509301,0.1405649059
61,X40.667Y54.2435,40.6670000000,54.2435000000,-25.3000000000,0.0000000000,0.0000000000,0.0000000000,0.0000000000,840,675.670642,-499.068315,0.000000,0.000000,0.000000,0.000000,0.0003448426,0.1409158360
62,X40.863Y54.0363,40.8630000000,54.0363000000,-25.3000000000,0.0000000000,0.0000000000,0.0000000000,0.0000000000,840,577.247877,-610.233470,0.000000,0.000000,0.000000,0.000000,0.0003395422,0.1412606786
63,X41.0201Y53.8002,41.0201000000,53.8002000000,-25.3000000000,0.0000000000,0.0000000000,0.0000000000,0.0000000000,840,465.332796,-699.332102,0.000000,0.000000,0.000000,0.000000,0.0003376078,0.1416002207
64,X41.1418Y53.5398,41.1418000000,53.5398000000,-25.3000000000,0.0000000000,0.0000000000,0.0000000000,0.0000000000,840,355.655694,-760.992134,0.000000,0.000000,0.000000,0.000000,0.0003421849,0.1419378286
65,X41.2321Y53.2595,41.2321000000,53.2595000000,-25.3000000000,0.0000000000,0.0000000000,0.0000000000,0.0000000000,840,257.573953,-799.534651,0.000000,0.000000,0.000000,0.000000,0.0003505789,0.1422800135
66,X41.2945Y52.9638,41.2945000000,52.9638000000,-25.3000000000,0.0000000000,0.0000000000,0.0000000000,0.0000000000,840,173.441011,-821.899152,0.000000,0.000000,0.000000,0.000000,0.0003597765,0.1426305924
67,X41.3329Y52.6571,41.3329000000,52.6571000000,-25.3000000000,0.0000000000,0.0000000000,0.0000000000,0.0000000000,840,104.356413,-833.492495,0.000000,0.000000,0.000000,0.000000,0.0003679697,0.1429903689
68,X41.3525Y52.0287,41.3525000000,52.0287000000,-25.3000000000,0.0000000000,0.0000000000,0.0000000000,0.0000000000,840,26.187138,-839.591707,0.000000,0.000000,0.000000,0.000000,0.0007484590,0.1433583386
69,X41.3042Y51.3369,41.3042000000,51.3369000000,-25.3000000000,0.0000000000,0.0000000000,0.0000000000,0.0000000000,840,-58.504590,-837.960150,0.000000,0.000000,0.000000,0.000000,0.0008255763,0.1441067976
70,X41.2486Y51.0031,41.2486000000,51.0031000000,-25.3000000000,0.0000000000,0.0000000000,0.0000000000,0.0000000000,840,-138.014642,-828.584310,0.000000,0.000000,0.000000,0.000000,0.0004028558,0.1449323739
71,X41.168Y50.6814,41.1680000000,50.6814000000,-25.3000000000,0.0000000000,0.0000000000,0.0000000000,0.0000000000,840,-204.147072,-814.815300,0.000000,0.000000,0.000000,0.000000,0.0003948134,0.1453352297
72,X41.0593Y50.3749,41.0593000000,50.3749000000,-25.3000000000,0.0000000000,0.0000000000,0.0000000000,0.0000000000,840,-280.771058,-791.686562,0.000000,0.000000,0.000000,0.000000,0.0003871482,0.1457300431
73,X40.9196Y50.0865,40.9196000000,50.0865000000,-25.3000000000,0.0000000000,0.0000000000,0.0000000000,0.0000000000,840,-366.193171,-755.977884,0.000000,0.000000,0.000000,0.000000,0.0003814926,0.1461171913
74,X40.7459Y49.8194,40.7459000000,49.8194000000,-25.3000000000,0.0000000000,0.0000000000,0.0000000000,0.0000000000,840,-457.947740,-704.190221,0.000000,0.000000,0.000000,0.000000,0.0003793009,0.1464986839
75,X40.5352Y49.5765,40.5352000000,49.5765000000,-25.3000000000,0.0000000000,0.0000000000,0.0000000000,0.0000000000,840,-550.420072,-634.537425,0.000000,0.000000,0.000000,0.000000,0.0003827985,0.1468779848
76,X40.2472Y49.3337,40.2472000000,49.3337000000,-25.3000000000,0.0000000000,0.0000000000,0.0000000000,0.0000000000,840,-642.224608,-541.431023,0.000000,0.000000,0.000000,0.000000,0.0004484412,0.1472607834
77,X39.919Y49.1405,39.9190000000,49.1405000000,-25.3000000000,0.0000000000,0.0000000000,0.0000000000,0.0000000000,840,-723.888624,-426.128221,0.000000,0.000000,0.000000,0.000000,0.0004533847,0.1477092246
78,X39.5626Y49.0108,39.5626000000,49.0108000000,-25.3000000000,0.0000000000,0.0000000000,0.0000000000,0.0000000000,840,-789.355319,-287.259778,0.000000,0.000000,0.000000,0.000000,0.0004515077,0.1481626093
79,X39.3778Y48.9741,39.3778000000,48.9741000000,-25.3000000000,0.0000000000,0.0000000000,0.0000000000,0.0000000000,840,-823.909933,-163.622806,0.000000,0.000000,0.000000,0.000000,0.0002242964,0.1486141170
80,X39.1904Y48.9585,39.1904000000,48.9585000000,-25.3000000000,0.0000000000,0.0000000000,0.0000000000,0.0000000000,840,-837.104595,-69.684267,0.000000,0.000000,0.000000,0.000000,0.0002238669,0.1488384133
81,X38.8316Y48.9897,38.8316000000,48.9897000000,-25.3000000000,0.0000000000,0.0000000000,0.0000000000,0.0000000000,840,-836.842094,72.768878,0.000000,0.000000,0.000000,0.000000,0.0004287547,0.1490622802
82,X38.4832Y49.093,38.4832000000,49.0930000000,-25.3000000000,0.0000000000,0.0000000000,0.0000000000,0.0000000000,840,-805.346094,238.783730,0.000000,0.000000,0.000000,0.000000,0.0004326090,0.1494910349
83,X38.1587Y49.2572,38.1587000000,49.2572000000,-25.3000000000,0.0000000000,0.0000000000,0.0000000000,0.0000000000,840,-749.508608,379.258285,0.000000,0.000000,0.000000,0.000000,0.0004329503,0.1499236440
84,X37.8721Y49.4711,37.8721000000,49.4711000000,-25.3000000000,0.0000000000,0.0000000000,0.0000000000,0.0000000000,840,-673.181969,502.420179,0.000000,0.000000,0.000000,0.000000,0.0004257393,0.1503565943
85,X37.6011Y49.7605,37.6011000000,49.7605000000,-25.3000000000,0.0000000000,0.0000000000,0.0000000000,0.0000000000,840,-574.158077,613.141503,0.000000,0.000000,0.000000,0.000000,0.0004719955,0.1507823336
86,X37.4877Y49.9235,37.4877000000,49.9235000000,-25.3000000000,0.0000000000,0.0000000000,0.0000000000,0.0000000000,840,-479.718959,689.543124,0.000000,0.000000,0.000000,0.000000,0.0002363884,0.1512543290
87,X37.3912Y50.0987,37.3912000000,50.0987000000,-25.3000000000,0.0000000000,0.0000000000,0.0000000000,0.0000000000,840,-405.263072,735.772956,0.000000,0.000000,0.000000,0.000000,0.0002381169,0.1514907174
88,X37.3133Y50.2862,37.3133000000,50.2862000000,-25.3000000000,0.0000000000,0.0000000000,0.0000000000,0.0000000000,840,-322.283597,775.714692,0.000000,0.000000,0.000000,0.000000,0.0002417126,0.1517288344
89,X37.2557Y50.4861,37.2557000000,50.4861000000,-25.3000000000,0.0000000000,0.0000000000,0.0000000000,0.0000000000,840,-232.578375,807.160021,0.000000,0.000000,0.000000,0.000000,0.0002476585,0.1519705470
90,X37.2199Y50.6985,37.2199000000,50.6985000000,-25.3000000000,0.0000000000,0.0000000000,0.0000000000,0.0000000000,840,-139.612676,828.316546,0.000000,0.000000,0.000000,0.000000,0.0002564237,0.1522182054
91,X37.2076Y50.9234,37.2076000000,50.9234000000,-25.3000000000,0.0000000000,0.0000000000,0.0000000000,0.0000000000,840,-45.871865,838.746548,0.000000,0.000000,0.000000,0.000000,0.0002681382,0.1524746291
92,G00Z-22.4,37.2076000000,50.9234000000,-22.4000000000,0.0000000000,0.0000000000,0.0000000000,0.0000000000,5000.0000000000,0.000000,0.000000,5000.000000,0.000000,0.000000,0.000000,0.0005800000,0.1527427673
93,X41.2755Y58.2397,41.2755000000,58.2397000000,-22.4000000000,0.0000000000,0.0000000000,0.0000000000,0.0000000000,5000.0000000000,2429.715626,4369.952171,0.000000,0.000000,0.000000,0.000000,0.0016742289,0.1533227673
94,G01Z-25.4F420,41.2755000000,58.2397000000,-25.4000000000,0.0000000000,0.0000000000,0.0000000000,0.0000000000,420,0.000000,0.000000,-420.000000,0.000000,0.000000,0.000000,0.0071428571,0.1549969962
95,X37.7041F840,37.7041000000,58.2397000000,-25.4000000000,0.0000000000,0.0000000000,0.0000000000,0.0000000000,840,-840.000000,0.000000,0.000000,0.000000,0.000000,0.000000,0.0042516667,0.1621398533
96,X37.4285Y53.6086,37.4285000000,53.6086000000,-25.4000000000,0.0000000000,0.0000000000,0.0000000000,0.0000000000,840,-49.900703,-838.516499,0.000000,0.000000,0.000000,0.000000,0.0055229682,0.1663915200
97,X37.8842,37.8842000000,53.6086000000,-25.4000000000,0.0000000000,0.0000000000,0.0000000000,0.0000000000,840,840.000000,0.000000,0.000000,0.000000,0.000000,0.000000,0.0005425000,0.1719144882
98,X37.9775Y53.7425,37.9775000000,53.7425000000,-25.4000000000,0.0000000000,0.0000000000,0.0000000000,0.0000000000,840,480.221850,689.192988,0.000000,0.000000,0.000000,0.000000,0.0001942852,0.1724569882
99,X38.1594Y53.9816,38.1594000000,53.9816000000,-25.4000000000,0.0000000000,0.0000000000,0.0000000000,0.0000000000,840,508.595992,668.528322,0.000000,0.000000,0.000000,0.000000,0.0003576513,0.1726512734
100,X38.3477Y54.1862,38.3477000000,54.1862000000,-25.4000000000,0.0000000000,0.0000000000,0.0000000000,0.0000000000,840,568.838732,618.079685,0.000000,0.000000,0.000000,0.000000,0.0003310253,0.1730089247
101,X38.5424Y54.3565,38.5424000000,54.3565000000,-25.4000000000,0.0000000000,0.0000000000,0.0000000000,0.0000000000,840,632.264996,553.028910,0.000000,0.000000,0.000000,0.000000,0.0003079405,0.1733399500
102,X38.7435Y54.4923,38.7435000000,54.4923000000,-25.4000000000,0.0000000000,0.0000000000,0.0000000000,0.0000000000,840,696.140572,470.093932,0.000000,0.000000,0.000000,0.000000,0.0002888784,0.1736478905
103,X38.9511Y54.5938,38.9511000000,54.5938000000,-25.4000000000,0.0000000000,0.0000000000,0.0000000000,0.0000000000,840,754.633301,368.956070,0.000000,0.000000,0.000000,0.000000,0.0002751005,0.1739367689
104,X39.1651Y54.6608,39.1651000000,54.6608000000,-25.4000000000,0.0000000000,0.0000000000,0.0000000000,0.0000000000,840,801.629761,250.977542,0.000000,0.000000,0.000000,0.000000,0.0002669562,0.1742118694
105,X39.3855Y54.6935,39.3855000000,54.6935000000,-25.4000000000,0.0000000000,0.0000000000,0.0000000000,0.0000000000,840,830.904575,123.278492,0.000000,0.000000,0.000000,0.000000,0.0002652531,0.1744788256
106,X39.6123Y54.6918,39.6123000000,54.6918000000,-25.4000000000,0.0000000000,0.0000000000,0.0000000000,0.0000000000,840,839.976404,-6.296119,0.000000,0.000000,0.000000,0.000000,0.0002700076,0.1747440787
107,X39.8938Y54.6443,39.8938000000,54.6443000000,-25.4000000000,0.0000000000,0.0000000000,0.0000000000,0.0000000000,840,828.290876,-139.764890,0.000000,0.000000,0.000000,0.000000,0.0003398565,0.1750140862
108,X40.172Y54.5507,40.1720000000,54.5507000000,-25.4000000000,0.0000000000,0.0000000000,0.0000000000,0.0000000000,840,796.146782,-267.862469,0.000000,0.000000,0.000000,0.000000,0.0003494331,0.1753539427
109,X40.434Y54.4156,40.4340000000,54.4156000000,-25.4000000000,0.0000000000,0.0000000000,0.0000000000,0.0000000000,840,746.587406,-384.976941,0.000000,0.000000,0.000000,0.000000,0.0003509301,0.1757033758
110,X40.667Y54.2435,40.6670000000,54.2435000000,-25.4000000000,0.0000000000,0.0000000000,0.0000000000,0.0000000000,840,675.670642,-499.068315,0.000000,0.000000,0.000000,0.000000,0.0003448426,0.1760543059
111,X40.863Y54.0363,40.8630000000,54.0363000000,-25.4000000000,0.0000000000,0.0000000000,0.0000000000,0.0000000000,840,577.247877,-610.233470,0.000000,0.000000,0.000000,0.000000,0.0003395422,0.1763991484
112,X41.0201Y53.8002,41.0201000000,53.8002000000,-25.4000000000,0.0000000000,0.0000000000,0.0000000000,0.0000000000,840,465.332796,-699.332102,0.000000,0.000000,0.000000,0.000000,0.0003376078,0.1767386906
113,X41.1418Y53.5398,41.1418000000,53.5398000000,-25.4000000000,0.0000000000,0.0000000000,0.0000000000,0.0000000000,840,355.655694,-760.992134,0.000000,0.000000,0.000000,0.000000,0.0003421849,0.1770762984
114,X41.2321Y53.2595,41.2321000000,53.2595000000,-25.4000000000,0.0000000000,0.0000000000,0.0000000000,0.0000000000,840,257.573953,-799.534651,0.000000,0.000000,0.000000,0.000000,0.0003505789,0.1774184833
115,X41.2945Y52.9638,41.2945000000,52.9638000000,-25.4000000000,0.0000000000,0.0000000000,0.0000000000,0.0000000000,840,173.441011,-821.899152,0.000000,0.000000,0.000000,0.000000,0.0003597765,0.1777690622
116,X41.3329Y52.6571,41.3329000000,52.6571000000,-25.4000000000,0.0000000000,0.0000000000,0.0000000000,0.0000000000,840,104.356413,-833.492495,0.000000,0.000000,0.000000,0.000000,0.0003679697,0.1781288387
117,X41.3525Y52.0287,41.3525000000,52.0287000000,-25.4000000000,0.0000000000,0.0000000000,0.0000000000,0.0000000000,840,26.187138,-839.591707,0.000000,0.000000,0.000000,0.000000,0.0007484590,0.1784968085
118,X41.3042Y51.3369,41.3042000000,51.3369000000,-25.4000000000,0.0000000000,0.0000000000,0.0000000000,0.0000000000,840,-58.504590,-837.960150,0.000000,0.000000,0.000000,0.000000,0.0008255763,0.1792452675
119,X41.2486Y51.0031,41.2486000000,51.0031000000,-25.4000000000,0.0000000000,0.0000000000,0.0000000000,0.0000000000,840,-138.014642,-828.584310,0.000000,0.000000,0.000000,0.000000,0.0004028558,0.1800708438
120,X41.168Y50.6814,41.1680000000,50.6814000000,-25.4000000000,0.0000000000,0.0000000000,0.0000000000,0.0000000000,840,-204.147072,-814.815300,0.000000,0.000000,0.000000,0.000000,0.0003948134,0.1804736996
121,X41.0593Y50.3749,41.0593000000,50.3749000000,-25.4000000000,0.0000000000,0.0000000000,0.0000000000,0.0000000000,840,-280.771058,-791.686562,0.000000,0.000000,0.000000,0.000000,0.0003871482,0.1808685130
122,X40.9196Y50.0865,40.9196000000,50.0865000000,-25.4000000000,0.0000000000,0.0000000000,0.0000000000,0.0000000000,840,-366.193171,-755.977884,0.000000,0.000000,0.000000,0.000000,0.0003814926,0.1812556611
123,X40.7459Y49.8194,40.7459000000,49.8194000000,-25.4000000000,0.0000000000,0.0000000000,0.0000000000,0.0000000000,840,-457.947740,-704.190221,0.000000,0.000000,0.000000,0.000000,0.0003793009,0.1816371538
124,X40.5352Y49.5765,40.5352000000,49.5765000000,-25.4000000000,0.0000000000,0.0000000000,0.0000000000,0.0000000000,840,-550.420072,-634.537425,0.000000,0.000000,0.000000,0.000000,0.0003827985,0.1820164547
125,X40.2472Y49.3337,40.2472000000,49.3337000000,-25.4000000000,0.0000000000,0.0000000000,0.0000000000,0.0000000000,840,-642.224608,-541.431023,0.000000,0.000000,0.000000,0.000000,0.0004484412,0.1823992532
126,X39.919Y49.1405,39.9190000000,49.1405000000,-25.4000000000,0.0000000000,0.0000000000,0.0000000000,0.0000000000,840,-723.888624,-426.128221,0.000000,0.000000,0.000000,0.000000,0.0004533847,0.1828476945
127,X39.5626Y49.0108,39.5626000000,49.0108000000,-25.4000000000,0.0000000000,0.0000000000,0.0000000000,0.0000000000,840,-789.355319,-287.259778,0.000000,0.000000,0.000000,0.000000,0.0004515077,0.1833010791
128,X39.3778Y48.9741,39.3778000000,48.9741000000,-25.4000000000,0.0000000000,0.0000000000,0.0000000000,0.0000000000,840,-823.909933,-163.622806,0.000000,0.000000,0.000000,0.000000,0.0002242964,0.1837525868
129,X39.1904Y48.9585,39.1904000000,48.9585000000,-25.4000000000,0.0000000000,0.0000000000,0.0000000000,0.0000000000,840,-837.104595,-69.684267,0.000000,0.000000,0.000000,0.000000,0.0002238669,0.1839768832
130,X38.8316Y48.9897,38.8316000000,48.9897000000,-25.4000000000,0.0000000000,0.0000000000,0.0000000000,0.0000000000,840,-836.842094,72.768878,0.000000,0.000000,0.000000,0.000000,0.0004287547,0.1842007501
131,X38.4832Y49.093,38.4832000000,49.0930000000,-25.4000000000,0.0000000000,0.0000000000,0.0000000000,0.0000000000,840,-805.346094,238.783730,0.000000,0.000000,0.000000,0.000000,0.0004326090,0.1846295048
132,X38.1587Y49.2572,38.1587000000,49.2572000000,-25.4000000000,0.0000000000,0.0000000000,0.0000000000,0.0000000000,840,-749.508608,379.258285,0.000000,0.000000,0.000000,0.000000,0.0004329503,0.1850621138
133,X37.8721Y49.4711,37.8721000000,49.4711000000,-25.4000000000,0.0000000000,0.0000000000,0.0000000000,0.0000000000,840,-673.181969,502.420179,0.000000,0.000000,0.000000,0.000000,0.0004257393,0.1854950642
134,X37.6011Y49.7605,37.6011000000,49.7605000000,-25.4000000000,0.0000000000,0.0000000000,0.0000000000,0.0000000000,840,-574.158077,613.141503,0.000000,0.000000,0.000000,0.000000,0.0004719955,0.1859208034
135,X37.4877Y49.9235,37.4877000000,49.9235000000,-25.4000000000,0.0000000000,0.0000000000,0.0000000000,0.0000000000,840,-479.718959,689.543124,0.000000,0.000000,0.000000,0.000000,0.0002363884,0.1863927989
136,X37.3912Y50.0987,37.3912000000,50.0987000000,-25.4000000000,0.0000000000,0.0000000000,0.0000000000,0.0000000000,840,-405.263072,735.772956,0.000000,0.000000,0.000000,0.000000,0.0002381169,0.1866291873
137,X37.3133Y50.2862,37.3133000000,50.2862000000,-25.4000000000,0.0000000000,0.0000000000,0.0000000000,0.0000000000,840,-322.283597,775.714692,0.000000,0.000000,0.000000,0.000000,0.0002417126,0.1868673042
138,X37.2557Y50.4861,37.2557000000,50.4861000000,-25.4000000000,0.0000000000,0.0000000000,0.0000000000,0.0000000000,840,-232.578375,807.160021,0.000000,0.000000,0.000000,0.000000,0.0002476585,0.1871090168
139,X37.2199Y50.6985,37.2199000000,50.6985000000,-25.4000000000,0.0000000000,0.0000000000,0.0000000000,0.0000000000,840,-139.612676,828.316546,0.000000,0.000000,0.000000,0.000000,0.0002564237,0.1873566753
140,X37.2076Y50.9234,37.2076000000,50.9234000000,-25.4000000000,0.0000000000,0.0000000000,0.0000000000,0.0000000000,840,-45.871865,838.746548,0.000000,0.000000,0.000000,0.000000,0.0002681382,0.1876130990
141,G00Z0.9383,37.2076000000,50.9234000000,0.9383000000,0.0000000000,0.0000000000,0.0000000000,0.0000000000,5000.0000000000,0.000000,0.000000,5000.000000,0.000000,0.000000,0.000000,0.0052676600,0.1878812372
142,X72.9801Y55.2476,72.9801000000,55.2476000000,0.9383000000,0.0000000000,0.0000000000,0.0000000000,0.0000000000,5000.0000000000,4963.865248,600.034834,0.000000,0.000000,0.000000,0.000000,0.0072065816,0.1931488972
143,Z-22.3,72.9801000000,55.2476000000,-22.3000000000,0.0000000000,0.0000000000,0.0000000000,0.0000000000,5000.0000000000,0.000000,0.000000,-5000.000000,0.000000,0.000000,0.000000,0.0046476600,0.2003554788
144,G01Z-25.3F420,72.9801000000,55.2476000000,-25.3000000000,0.0000000000,0.0000000000,0.0000000000,0.0000000000,420,0.000000,0.000000,-420.000000,0.000000,0.000000,0.000000,0.0071428571,0.2050031388
145,X71.0519Y48.892F840,71.0519000000,48.8920000000,-25.3000000000,0.0000000000,0.0000000000,0.0000000000,0.0000000000,840,-243.868062,-803.821105,0.000000,0.000000,0.000000,0.000000,0.0079067344,0.2121459959
146,X70.5926,70.5926000000,48.8920000000,-25.3000000000,0.0000000000,0.0000000000,0.0000000000,0.0000000000,840,-840.000000,0.000000,0.000000,0.000000,0.000000,0.000000,0.0005467857,0.2200527304
147,X68.6645Y55.2476,68.6645000000,55.2476000000,-25.3000000000,0.0000000000,0.0000000000,0.0000000000,0.0000000000,840,-243.856480,803.824618,0.000000,0.000000,0.000000,0.000000,0.0079066999,0.2205995161
148,G00Z-22.4,68.6645000000,55.2476000000,-22.4000000000,0.0000000000,0.0000000000,0.0000000000,0.0000000000,5000.0000000000,0.000000,0.000000,5000.000000,0.000000,0.000000,0.000000,0.0005800000,0.2285062159
149,X72.9801,72.9801000000,55.2476000000,-22.4000000000,0.0000000000,0.0000000000,0.0000000000,0.0000000000,5000.0000000000,5000.000000,0.000000,0.000000,0.000000,0.000000,0.000000,0.0008631200,0.2290862159
150,G01Z-25.4F420,72.9801000000,55.2476000000,-25.4000000000,0.0000000000,0.0000000000,0.0000000000,0.0000000000,420,0.000000,0.000000,-420.000000,0.000000,0.000000,0.000000,0.0071428571,0.2299493359
151,X71.0519Y48.892F840,71.0519000000,48.8920000000,-25.4000000000,0.0000000000,0.0000000000,0.0000000000,0.0000000000,840,-243.868062,-803.821105,0.000000,0.000000,0.000000,0.000000,0.0079067344,0.2370921931
152,X70.5926,70.5926000000,48.8920000000,-25.4000000000,0.0000000000,0.0000000000,0.0000000000,0.0000000000,840,-840.000000,0.000000,0.000000,0.000000,0.000000,0.000000,0.0005467857,0.2449989275
153,X68.6645Y55.2476,68.6645000000,55.2476000000,-25.4000000000,0.0000000000,0.0000000000,0.0000000000,0.0000000000,840,-243.856480,803.824618,0.000000,0.000000,0.000000,0.000000,0.0079066999,0.2455457132
154,G00Z-4.0409,68.6645000000,55.2476000000,-4.0409000000,0.0000000000,0.0000000000,0.0000000000,0.0000000000,5000.0000000000,0.000000,0.000000,5000.000000,0.000000,0.000000,0.000000,0.0042718200,0.2534524131
155,X77.7568Y48.892,77.7568000000,48.8920000000,-4.0409000000,0.0000000000,0.0000000000,0.0000000000,0.0000000000,5000.0000000000,4098.066535,-2864.585602,0.000000,0.000000,0.000000,0.000000,0.0022186804,0.2577242331
156,Z-22.3,77.7568000000,48.8920000000,-22.3000000000,0.0000000000,0.0000000000,0.0000000000,0.0000000000,5000.0000000000,0.000000,0.000000,-5000.000000,0.000000,0.000000,0.000000,0.0036518200,0.2599429135
157,G01Z-25.3F420,77.7568000000,48.8920000000,-25.3000000000,0.0000000000,0.0000000000,0.0000000000,0.0000000000,420,0.000000,0.000000,-420.000000,0.000000,0.000000,0.000000,0.0071428571,0.2635947335
158,Y57.9904F840,77.7568000000,57.9904000000,-25.3000000000,0.0000000000,0.0000000000,0.0000000000,0.0000000000,840,0.000000,840.000000,0.000000,0.000000,0.000000,0.000000,0.0108314286,0.2707375907
159,X77.5223Y57.6694,77.5223000000,57.6694000000,-25.3000000000,0.0000000000,0.0000000000,0.0000000000,0.0000000000,840,-495.507971,-678.285965,0.000000,0.000000,0.000000,0.000000,0.0004732517,0.2815690192
160,X77.2383Y57.4028,77.2383000000,57.4028000000,-25.3000000000,0.0000000000,0.0000000000,0.0000000000,0.0000000000,840,-612.434524,-574.912127,0.000000,0.000000,0.000000,0.000000,0.0004637230,0.2820422709
161,X76.9749Y57.2262,76.9749000000,57.2262000000,-25.3000000000,0.0000000000,0.0000000000,0.0000000000,0.0000000000,840,-697.697313,-467.780355,0.000000,0.000000,0.000000,0.000000,0.0003775276,0.2825059940
162,X76.6864Y57.0884,76.6864000000,57.0884000000,-25.3000000000,0.0000000000,0.0000000000,0.0000000000,0.0000000000,840,-757.974944,-362.041412,0.000000,0.000000,0.000000,0.000000,0.0003806194,0.2828835216
163,X76.3745Y56.9987,76.3745000000,56.9987000000,-25.3000000000,0.0000000000,0.0000000000,0.0000000000,0.0000000000,840,-807.278452,-232.166967,0.000000,0.000000,0.000000,0.000000,0.0003863599,0.2832641410
164,X76.0409Y56.9667,76.0409000000,56.9667000000,-25.3000000000,0.0000000000,0.0000000000,0.0000000000,0.0000000000,840,-836.161932,-80.207380,0.000000,0.000000,0.000000,0.000000,0.0003989658,0.2836505009
165,G00Z-22.4,76.0409000000,56.9667000000,-22.4000000000,0.0000000000,0.0000000000,0.0000000000,0.0000000000,5000.0000000000,0.000000,0.000000,5000.000000,0.000000,0.000000,0.000000,0.0005800000,0.2840494667
166,X77.7568Y48.892,77.7568000000,48.8920000000,-22.4000000000,0.0000000000,0.0000000000,0.0000000000,0.0000000000,5000.0000000000,1039.308992,-4890.791022,0.000000,0.000000,0.000000,0.000000,0.0016510008,0.2846294667
167,G01Z-25.4F420,77.7568000000,48.8920000000,-25.4000000000,0.0000000000,0.0000000000,0.0000000000,0.0000000000,420,0.000000,0.000000,-420.000000,0.000000,0.000000,0.000000,0.0071428571,0.2862804675
168,Y57.9904F840,77.7568000000,57.9904000000,-25.4000000000,0.0000000000,0.0000000000,0.0000000000,0.0000000000,840,0.000000,840.000000,0.000000,0.000000,0.000000,0.000000,0.0108314286,0.2934233247
169,X77.5223Y57.6694,77.5223000000,57.6694000000,-25.4000000000,0.0000000000,0.0000000000,0.0000000000,0.0000000000,840,-495.507971,-678.285965,0.000000,0.000000,0.000000,0.000000,0.0004732517,0.3042547532
170,X77.2383Y57.4028,77.2383000000,57.4028000000,-25.4000000000,0.0000000000,0.0000000000,0.0000000000,0.0000000000,840,-612.434524,-574.912127,0.000000,0.000000,0.000000,0.000000,0.0004637230,0.3047280050
171,X76.9749Y57.2262,76.9749000000,57.2262000000,-25.4000000000,0.0000000000,0.0000000000,0.0000000000,0.0000000000,840,-697.697313,-467.780355,0.000000,0.000000,0.000000,0.000000,0.0003775276,0.3051917280
172,X76.6864Y57.0884,76.6864000000,57.0884000000,-25.4000000000,0.0000000000,0.0000000000,0.0000000000,0.0000000000,840,-757.974944,-362.041412,0.000000,0.000000,0.000000,0.000000,0.0003806194,0.3055692556
173,X76.3745Y56.9987,76.3745000000,56.9987000000,-25.4000000000,0.0000000000,0.0000000000,0.0000000000,0.0000000000,840,-807.278452,-232.166967,0.000000,0.000000,0.000000,0.000000,0.0003863599,0.3059498750
174,X76.0409Y56.9667,76.0409000000,56.9667000000,-25.4000000000,0.0000000000,0.0000000000,0.0000000000,0.0000000000,840,-836.161932,-80.207380,0.000000,0.000000,0.000000,0.000000,0.0003989658,0.3063362349
175,G00Z-22.3,76.0409000000,56.9667000000,-22.3000000000,0.0000000000,0.0000000000,0.0000000000,0.0000000000,5000.0000000000,0.000000,0.000000,5000.000000,0.000000,0.000000,0.000000,0.0006200000,0.3067352007
176,X86.2329Y56.8022,86.2329000000,56.8022000000,-22.3000000000,0.0000000000,0.0000000000,0.0000000000,0.0000000000,5000.0000000000,4999.348869,-80.690040,0.000000,0.000000,0.000000,0.000000,0.0020386655,0.3073552007
177,G01Z-25.3F420,86.2329000000,56.8022000000,-25.3000000000,0.0000000000,0.0000000000,0.0000000000,0.0000000000,420,0.000000,0.000000,-420.000000,0.000000,0.000000,0.000000,0.0071428571,0.3093938662
178,X86.141Y57.1154F840,86.1410000000,57.1154000000,-25.3000000000,0.0000000000,0.0000000000,0.0000000000,0.0000000000,840,-236.504145,806.018480,0.000000,0.000000,0.000000,0.000000,0.0003885767,0.3165367233
179,X86.0073Y57.396,86.0073000000,57.3960000000,-25.3000000000,0.0000000000,0.0000000000,0.0000000000,0.0000000000,840,-361.322532,758.317894,0.000000,0.000000,0.000000,0.000000,0.0003700295,0.3169253000
180,X85.8317Y57.6438,85.8317000000,57.6438000000,-25.3000000000,0.0000000000,0.0000000000,0.0000000000,0.0000000000,840,-485.672686,685.362708,0.000000,0.000000,0.000000,0.000000,0.0003615604,0.3172953295
181,X85.6143Y57.859,85.6143000000,57.8590000000,-25.3000000000,0.0000000000,0.0000000000,0.0000000000,0.0000000000,840,-596.982627,590.941404,0.000000,0.000000,0.000000,0.000000,0.0003641647,0.3176568899
182,X85.4072Y58.0087,85.4072000000,58.0087000000,-25.3000000000,0.0000000000,0.0000000000,0.0000000000,0.0000000000,840,-680.771133,492.088066,0.000000,0.000000,0.000000,0.000000,0.0003042138,0.3180210546
183,X85.1796Y58.128,85.1796000000,58.1280000000,-25.3000000000,0.0000000000,0.0000000000,0.0000000000,0.0000000000,840,-743.989693,389.973508,0.000000,0.000000,0.000000,0.000000,0.0003059182,0.3183252685
184,X84.9386Y58.2079,84.9386000000,58.2079000000,-25.3000000000,0.0000000000,0.0000000000,0.0000000000,0.0000000000,840,-797.323017,264.340702,0.000000,0.000000,0.000000,0.000000,0.0003022614,0.3186311867
185,X84.6914Y58.2397,84.6914000000,58.2397000000,-25.3000000000,0.0000000000,0.0000000000,0.0000000000,0.0000000000,840,-833.134742,107.175100,0.000000,0.000000,0.000000,0.000000,0.0002967107,0.3189334481
186,X84.5373Y58.232,84.5373000000,58.2320000000,-25.3000000000,0.0000000000,0.0000000000,0.0000000000,0.0000000000,840,-838.953322,-41.920445,0.000000,0.000000,0.000000,0.000000,0.0001836813,0.3192301588
187,X84.3846Y58.2043,84.3846000000,58.2043000000,-25.3000000000,0.0000000000,0.0000000000,0.0000000000,0.0000000000,840,-826.511279,-149.930337,0.000000,0.000000,0.000000,0.000000,0.0001847525,0.3194138401
188,X84.0878Y58.0964,84.0878000000,58.0964000000,-25.3000000000,0.0000000000,0.0000000000,0.0000000000,0.0000000000,840,-789.449771,-287.000102,0.000000,0.000000,0.000000,0.000000,0.0003759581,0.3195985925
189,X83.8093Y57.932,83.8093000000,57.9320000000,-25.3000000000,0.0000000000,0.0000000000,0.0000000000,0.0000000000,840,-723.369534,-427.008802,0.000000,0.000000,0.000000,0.000000,0.0003850038,0.3199745506
190,X83.5576Y57.7271,83.5576000000,57.7271000000,-25.3000000000,0.0000000000,0.0000000000,0.0000000000,0.0000000000,840,-651.436720,-530.311418,0.000000,0.000000,0.000000,0.000000,0.0003863767,0.3203595544
191,X83.3699Y57.5318,83.3699000000,57.5318000000,-25.3000000000,0.0000000000,0.0000000000,0.0000000000,0.0000000000,840,-582.068766,-605.636815,0.000000,0.000000,0.000000,0.000000,0.0003224705,0.3207459311
192,X83.2054Y57.3208,83.2054000000,57.3208000000,-25.3000000000,0.0000000000,0.0000000000,0.0000000000,0.0000000000,840,-516.470534,-662.463725,0.000000,0.000000,0.000000,0.000000,0.0003185080,0.3210684016
193,X83.0622Y57.0963,83.0622000000,57.0963000000,-25.3000000000,0.0000000000,0.0000000000,0.0000000000,0.0000000000,840,-451.730392,-708.194644,0.000000,0.000000,0.000000,0.000000,0.0003170032,0.3213869096
194,X82.938Y56.8605,82.9380000000,56.8605000000,-25.3000000000,0.0000000000,0.0000000000,0.0000000000,0.0000000000,840,-391.460810,-743.208204,0.000000,0.000000,0.000000,0.000000,0.0003172731,0.3217039129
195,X82.7383Y56.3635,82.7383000000,56.3635000000,-25.3000000000,0.0000000000,0.0000000000,0.0000000000,0.0000000000,840,-313.184554,-779.432765,0.000000,0.000000,0.000000,0.000000,0.0006376432,0.3220211860
196,X82.5895Y55.8471,82.5895000000,55.8471000000,-25.3000000000,0.0000000000,0.0000000000,0.0000000000,0.0000000000,840,-232.581841,-807.159022,0.000000,0.000000,0.000000,0.000000,0.0006397748,0.3226588292
197,X82.4774Y55.3252,82.4774000000,55.3252000000,-25.3000000000,0.0000000000,0.0000000000,0.0000000000,0.0000000000,840,-176.402039,-821.268726,0.000000,0.000000,0.000000,0.000000,0.0006354802,0.3232986040
198,X82.3992Y54.801,82.3992000000,54.8010000000,-25.3000000000,0.0000000000,0.0000000000,0.0000000000,0.0000000000,840,-123.939429,-830.806246,0.000000,0.000000,0.000000,0.000000,0.0006309534,0.3239340842
199,X82.355Y54.2745,82.3550000000,54.2745000000,-25.3000000000,0.0000000000,0.0000000000,0.0000000000,0.0000000000,840,-70.271327,-837.055518,0.000000,0.000000,0.000000,0.000000,0.0006289905,0.3245650375
200,X82.3447Y53.7457,82.3447000000,53.7457000000,-25.3000000000,0.0000000000,0.0000000000,0.0000000000,0.0000000000,840,-16.358471,-839.840699,0.000000,0.000000,0.000000,0.000000,0.0006296432,0.3251940281
201,X82.3568Y52.8533,82.3568000000,52.8533000000,-25.3000000000,0.0000000000,0.0000000000,0.0000000000,0.0000000000,840,11.388465,-839.922796,0.000000,0.000000,0.000000,0.000000,0.0010624786,0.3258236713
202,X82.4061Y51.9562,82.4061000000,51.9562000000,-25.3000000000,0.0000000000,0.0000000000,0.0000000000,0.0000000000,840,46.092530,-838.734451,0.000000,0.000000,0.000000,0.000000,0.0010695876,0.3268861499
203,X82.4613Y51.514,82.4613000000,51.5140000000,-25.3000000000,0.0000000000,0.0000000000,0.0000000000,0.0000000000,840,104.049978,-833.530804,0.000000,0.000000,0.000000,0.000000,0.0005305143,0.3279557375
204,X82.5457Y51.0801,82.5457000000,51.0801000000,-25.3000000000,0.0000000000,0.0000000000,0.0000000000,0.0000000000,840,160.386463,-824.546046,0.000000,0.000000,0.000000,0.000000,0.0005262289,0.3284862518
205,X82.6659Y50.6578,82.6659000000,50.6578000000,-25.3000000000,0.0000000000,0.0000000000,0.0000000000,0.0000000000,840,229.957068,-807.910730,0.000000,0.000000,0.000000,0.000000,0.0005227063,0.3290124808
206,X82.8287Y50.2502,82.8287000000,50.2502000000,-25.3000000000,0.0000000000,0.0000000000,0.0000000000,0.0000000000,840,311.572162,-780.078706,0.000000,0.000000,0.000000,0.000000,0.0005225114,0.3295351870
207,X82.862Y50.176,82.8620000000,50.1760000000,-25.3000000000,0.0000000000,0.0000000000,0.0000000000,0.0000000000,840,343.933140,-766.361530,0.000000,0.000000,0.000000,0.000000,0.0000968211,0.3300576984
208,X83.0225Y49.858,83.0225000000,49.8580000000,-25.3000000000,0.0000000000,0.0000000000,0.0000000000,0.0000000000,840,378.486562,-749.898608,0.000000,0.000000,0.000000,0.000000,0.0004240573,0.3301545196
209,X83.2224Y49.5643,83.2224000000,49.5643000000,-25.3000000000,0.0000000000,0.0000000000,0.0000000000,0.0000000000,840,472.637861,-694.415907,0.000000,0.000000,0.000000,0.000000,0.0004229454,0.3305785769
210,X83.4629Y49.3079,83.4629000000,49.3079000000,-25.3000000000,0.0000000000,0.0000000000,0.0000000000,0.0000000000,840,574.669496,-612.662199,0.000000,0.000000,0.000000,0.000000,0.0004185014,0.3310015223
211,X83.7449Y49.1019,83.7449000000,49.1019000000,-25.3000000000,0.0000000000,0.0000000000,0.0000000000,0.0000000000,840,678.296672,-495.493314,0.000000,0.000000,0.000000,0.000000,0.0004157473,0.3314200237
212,X83.9175Y49.0149,83.9175000000,49.0149000000,-25.3000000000,0.0000000000,0.0000000000,0.0000000000,0.0000000000,840,750.098054,-378.091139,0.000000,0.000000,0.000000,0.000000,0.0002301033,0.3318357710
213,X84.0998Y48.9496,84.0998000000,48.9496000000,-25.3000000000,0.0000000000,0.0000000000,0.0000000000,0.0000000000,840,790.797873,-283.264406,0.000000,0.000000,0.000000,0.000000,0.0002305267,0.3320658742
214,X84.2885Y48.9086,84.2885000000,48.9086000000,-25.3000000000,0.0000000000,0.0000000000,0.0000000000,0.0000000000,840,820.847771,-178.350602,0.000000,0.000000,0.000000,0.000000,0.0002298843,0.3322964009
215,X84.4805Y48.8944,84.4805000000,48.8944000000,-25.3000000000,0.0000000000,0.0000000000,0.0000000000,0.0000000000,840,837.712051,-61.955787,0.000000,0.000000,0.000000,0.000000,0.0002291957,0.3325262852
216,X84.6724Y48.9086,84.6724000000,48.9086000000,-25.3000000000,0.0000000000,0.0000000000,0.0000000000,0.0000000000,840,837.709676,61.987897,0.000000,0.000000,0.000000,0.000000,0.0002290770,0.3327554809
217,X84.8612Y48.9496,84.8612000000,48.9496000000,-25.3000000000,0.0000000000,0.0000000000,0.0000000000,0.0000000000,840,820.867366,178.260392,0.000000,0.000000,0.000000,0.000000,0.0002300006,0.3329845579
218,X85.0434Y49.0149,85.0434000000,49.0149000000,-25.3000000000,0.0000000000,0.0000000000,0.0000000000,0.0000000000,840,790.748508,283.402182,0.000000,0.000000,0.000000,0.000000,0.0002304146,0.3332145585
219,X85.2161Y49.1019,85.2161000000,49.1019000000,-25.3000000000,0.0000000000,0.0000000000,0.0000000000,0.0000000000,840,750.186039,377.916534,0.000000,0.000000,0.000000,0.000000,0.0002302096,0.3334449731
220,X85.5055Y49.3146,85.5055000000,49.3146000000,-25.3000000000,0.0000000000,0.0000000000,0.0000000000,0.0000000000,840,676.851892,497.465091,0.000000,0.000000,0.000000,0.000000,0.0004275677,0.3336751826
221,X85.751Y49.5801,85.7510000000,49.5801000000,-25.3000000000,0.0000000000,0.0000000000,0.0000000000,0.0000000000,840,570.285719,616.744841,0.000000,0.000000,0.000000,0.000000,0.0004304860,0.3341027503
222,X85.9537Y49.8843,85.9537000000,49.8843000000,-25.3000000000,0.0000000000,0.0000000000,0.0000000000,0.0000000000,840,465.789066,699.028287,0.000000,0.000000,0.000000,0.000000,0.0004351755,0.3345332363
223,X86.1147Y50.213,86.1147000000,50.2130000000,-25.3000000000,0.0000000000,0.0000000000,0.0000000000,0.0000000000,840,369.496212,754.368974,0.000000,0.000000,0.000000,0.000000,0.0004357284,0.3349684118
224,X86.2501Y50.6047,86.2501000000,50.6047000000,-25.3000000000,0.0000000000,0.0000000000,0.0000000000,0.0000000000,840,274.431742,793.906304,0.000000,0.000000,0.000000,0.000000,0.0004933832,0.3354041402
225,X86.34Y51.0109,86.3400000000,51.0109000000,-25.3000000000,0.0000000000,0.0000000000,0.0000000000,0.0000000000,840,181.516024,820.153603,0.000000,0.000000,0.000000,0.000000,0.0004952731,0.3358975234
226,X86.3899Y51.4267,86.3899000000,51.4267000000,-25.3000000000,0.0000000000,0.0000000000,0.0000000000,0.0000000000,840,100.089895,834.015595,0.000000,0.000000,0.000000,0.000000,0.0004985518,0.3363927965
227,X86.4053Y51.8473,86.4053000000,51.8473000000,-25.3000000000,0.0000000000,0.0000000000,0.0000000000,0.0000000000,840,30.735468,839.437509,0.000000,0.000000,0.000000,0.000000,0.0005010498,0.3368913483
228,X86.3899Y52.2679,86.3899000000,52.2679000000,-25.3000000000,0.0000000000,0.0000000000,0.0000000000,0.0000000000,840,-30.735468,839.437509,0.000000,0.000000,0.000000,0.000000,0.0005010498,0.3373923981
229,X86.34Y52.6837,86.3400000000,52.6837000000,-25.3000000000,0.0000000000,0.0000000000,0.0000000000,0.0000000000,840,-100.089895,834.015595,0.000000,0.000000,0.000000,0.000000,0.0004985518,0.3378934479
230,X86.2501Y53.0898,86.2501000000,53.0898000000,-25.3000000000,0.0000000000,0.0000000000,0.0000000000,0.0000000000,840,-181.558633,820.144172,0.000000,0.000000,0.000000,0.000000,0.0004951568,0.3383919997
231,X86.1147Y53.4815,86.1147000000,53.4815000000,-25.3000000000,0.0000000000,0.0000000000,0.0000000000,0.0000000000,840,-274.431742,793.906304,0.000000,0.000000,0.000000,0.000000,0.0004933832,0.3388871566
232,X85.9537Y53.8102,85.9537000000,53.8102000000,-25.3000000000,0.0000000000,0.0000000000,0.0000000000,0.0000000000,840,-369.496212,754.368974,0.000000,0.000000,0.000000,0.000000,0.0004357284,0.3393805397
233,X85.751Y54.1144,85.7510000000,54.1144000000,-25.3000000000,0.0000000000,0.0000000000,0.0000000000,0.0000000000,840,-465.789066,699.028287,0.000000,0.000000,0.000000,0.000000,0.0004351755,0.3398162682
234,X85.5055Y54.38,85.5055000000,54.3800000000,-25.3000000000,0.0000000000,0.0000000000,0.0000000000,0.0000000000,840,-570.169940,616.851878,0.000000,0.000000,0.000000,0.000000,0.0004305734,0.3402514437
235,X85.2161Y54.5926,85.2161000000,54.5926000000,-25.3000000000,0.0000000000,0.0000000000,0.0000000000,0.0000000000,840,-676.963500,497.313200,0.000000,0.000000,0.000000,0.000000,0.0004274972,0.3406820171
236,X85.0434Y54.6796,85.0434000000,54.6796000000,-25.3000000000,0.0000000000,0.0000000000,0.0000000000,0.0000000000,840,-750.186039,377.916534,0.000000,0.000000,0.000000,0.000000,0.0002302096,0.3411095143
237,X84.8612Y54.7449,84.8612000000,54.7449000000,-25.3000000000,0.0000000000,0.0000000000,0.0000000000,0.0000000000,840,-790.748508,283.402182,0.000000,0.000000,0.000000,0.000000,0.0002304146,0.3413397238
238,X84.6724Y54.7859,84.6724000000,54.7859000000,-25.3000000000,0.0000000000,0.0000000000,0.0000000000,0.0000000000,840,-820.867366,178.260392,0.000000,0.000000,0.000000,0.000000,0.0002300006,0.3415701384
239,X84.4805Y54.8002,84.4805000000,54.8002000000,-25.3000000000,0.0000000000,0.0000000000,0.0000000000,0.0000000000,840,-837.677438,62.422029,0.000000,0.000000,0.000000,0.000000,0.0002290858,0.3418001390
240,X84.2885Y54.7859,84.2885000000,54.7859000000,-25.3000000000,0.0000000000,0.0000000000,0.0000000000,0.0000000000,840,-837.679847,-62.389697,0.000000,0.000000,0.000000,0.000000,0.0002292045,0.3420292248
241,X84.0998Y54.7449,84.0998000000,54.7449000000,-25.3000000000,0.0000000000,0.0000000000,0.0000000000,0.0000000000,840,-820.847771,-178.350602,0.000000,0.000000,0.000000,0.000000,0.0002298843,0.3422584293
242,X83.9175Y54.6796,83.9175000000,54.6796000000,-25.3000000000,0.0000000000,0.0000000000,0.0000000000,0.0000000000,840,-790.797873,-283.264406,0.000000,0.000000,0.000000,0.000000,0.0002305267,0.3424883136
243,X83.7449Y54.5926,83.7449000000,54.5926000000,-25.3000000000,0.0000000000,0.0000000000,0.0000000000,0.0000000000,840,-750.098054,-378.091139,0.000000,0.000000,0.000000,0.000000,0.0002301033,0.3427188403
244,X83.4555Y54.38,83.4555000000,54.3800000000,-25.3000000000,0.0000000000,0.0000000000,0.0000000000,0.0000000000,840,-676.963500,-497.313200,0.000000,0.000000,0.000000,0.000000,0.0004274972,0.3429489435
245,X83.21Y54.1144,83.2100000000,54.1144000000,-25.3000000000,0.0000000000,0.0000000000,0.0000000000,0.0000000000,840,-570.169940,-616.851878,0.000000,0.000000,0.000000,0.000000,0.0004305734,0.3433764407
246,X83.0073Y53.8102,83.0073000000,53.8102000000,-25.3000000000,0.0000000000,0.0000000000,0.0000000000,0.0000000000,840,-465.789066,-699.028287,0.000000,0.000000,0.000000,0.000000,0.0004351755,0.3438070141
247,X82.8462Y53.4815,82.8462000000,53.4815000000,-25.3000000000,0.0000000000,0.0000000000,0.0000000000,0.0000000000,840,-369.681273,-754.278302,0.000000,0.000000,0.000000,0.000000,0.0004357808,0.3442421897
248,X82.7108Y53.0898,82.7108000000,53.0898000000,-25.3000000000,0.0000000000,0.0000000000,0.0000000000,0.0000000000,840,-274.431742,-793.906304,0.000000,0.000000,0.000000,0.000000,0.0004933832,0.3446779705
249,X82.6209Y52.6837,82.6209000000,52.6837000000,-25.3000000000,0.0000000000,0.0000000000,0.0000000000,0.0000000000,840,-181.558633,-820.144172,0.000000,0.000000,0.000000,0.000000,0.0004951568,0.3451713536
250,X82.5711Y52.2679,82.5711000000,52.2679000000,-25.3000000000,0.0000000000,0.0000000000,0.0000000000,0.0000000000,840,-99.892153,-834.039302,0.000000,0.000000,0.000000,0.000000,0.0004985377,0.3456665105
251,X82.5557Y51.8473,82.5557000000,51.8473000000,-25.3000000000,0.0000000000,0.0000000000,0.0000000000,0.0000000000,840,-30.735468,-839.437509,0.000000,0.000000,0.000000,0.000000,0.0005010498,0.3461650481
252,X82.5711Y51.4267,82.5711000000,51.4267000000,-25.3000000000,0.0000000000,0.0000000000,0.0000000000,0.0000000000,840,30.735468,-839.437509,0.000000,0.000000,0.000000,0.000000,0.0005010498,0.3466660979
253,X82.6209Y51.0109,82.6209000000,51.0109000000,-25.3000000000,0.0000000000,0.0000000000,0.0000000000,0.0000000000,840,99.892153,-834.039302,0.000000,0.000000,0.000000,0.000000,0.0004985377,0.3471671477
254,X82.7108Y50.6047,82.7108000000,50.6047000000,-25.3000000000,0.0000000000,0.0000000000,0.0000000000,0.0000000000,840,181.516024,-820.153603,0.000000,0.000000,0.000000,0.000000,0.0004952731,0.3476656854
255,X82.8462Y50.213,82.8462000000,50.2130000000,-25.3000000000,0.0000000000,0.0000000000,0.0000000000,0.0000000000,840,274.431742,-793.906304,0.000000,0.000000,0.000000,0.000000,0.0004933832,0.3481609585
256,G00Z-22.4,82.8462000000,50.2130000000,-22.4000000000,0.0000000000,0.0000000000,0.0000000000,0.0000000000,5000.0000000000,0.000000,0.000000,5000.000000,0.000000,0.000000,0.000000,0.0005800000,0.3486543416
257,X86.2329Y56.8022,86.2329000000,56.8022000000,-22.4000000000,0.0000000000,0.0000000000,0.0000000000,0.0000000000,5000.0000000000,2285.655768,4446.996482,0.000000,0.000000,0.000000,0.000000,0.0014817192,0.3492343416
258,G01Z-25.4F420,86.2329000000,56.8022000000,-25.4000000000,0.0000000000,0.0000000000,0.0000000000,0.0000000000,420,0.000000,0.000000,-420.000000,0.000000,0.000000,0.000000,0.0071428571,0.3507160608
259,X86.141Y57.1154F840,86.1410000000,57.1154000000,-25.4000000000,0.0000000000,0.0000000000,0.0000000000,0.0000000000,840,-236.504145,806.018480,0.000000,0.000000,0.000000,0.000000,0.0003885767,0.3578589179
260,X86.0073Y57.396,86.0073000000,57.3960000000,-25.4000000000,0.0000000000,0.0000000000,0.0000000000,0.0000000000,840,-361.322532,758.317894,0.000000,0.000000,0.000000,0.000000,0.0003700295,0.3582474946
261,X85.8317Y57.6438,85.8317000000,57.6438000000,-25.4000000000,0.0000000000,0.0000000000,0.0000000000,0.0000000000,840,-485.672686,685.362708,0.000000,0.000000,0.000000,0.000000,0.0003615604,0.3586175242
262,X85.6143Y57.859,85.6143000000,57.8590000000,-25.4000000000,0.0000000000,0.0000000000,0.0000000000,0.0000000000,840,-596.982627,590.941404,0.000000,0.000000,0.000000,0.000000,0.0003641647,0.3589790845
263,X85.4072Y58.0087,85.4072000000,58.0087000000,-25.4000000000,0.0000000000,0.0000000000,0.0000000000,0.0000000000,840,-680.771133,492.088066,0.000000,0.000000,0.000000,0.000000,0.0003042138,0.3593432492
264,X85.1796Y58.128,85.1796000000,58.1280000000,-25.4000000000,0.0000000000,0.0000000000,0.0000000000,0.0000000000,840,-743.989693,389.973508,0.000000,0.000000,0.000000,0.000000,0.0003059182,0.3596474631
265,X84.9386Y58.2079,84.9386000000,58.2079000000,-25.4000000000,0.0000000000,0.0000000000,0.0000000000,0.0000000000,840,-797.323017,264.340702,0.000000,0.000000,0.000000,0.000000,0.0003022614,0.3599533813
266,X84.6914Y58.2397,84.6914000000,58.2397000000,-25.4000000000,0.0000000000,0.0000000000,0.0000000000,0.0000000000,840,-833.134742,107.175100,0.000000,0.000000,0.000000,0.000000,0.0002967107,0.3602556427
267,X84.5373Y58.232,84.5373000000,58.2320000000,-25.4000000000,0.0000000000,0.0000000000,0.0000000000,0.0000000000,840,-838.953322,-41.920445,0.000000,0.000000,0.000000,0.000000,0.0001836813,0.3605523534
268,X84.3846Y58.2043,84.3846000000,58.2043000000,-25.4000000000,0.0000000000,0.0000000000,0.0000000000,0.0000000000,840,-826.511279,-149.930337,0.000000,0.000000,0.000000,0.000000,0.0001847525,0.3607360347
269,X84.0878Y58.0964,84.0878000000,58.0964000000,-25.4000000000,0.0000000000,0.0000000000,0.0000000000,0.0000000000,840,-789.449771,-287.000102,0.000000,0.000000,0.000000,0.000000,0.0003759581,0.3609207872
270,X83.8093Y57.932,83.8093000000,57.9320000000,-25.4000000000,0.0000000000,0.0000000000,0.0000000000,0.0000000000,840,-723.369534,-427.008802,0.000000,0.000000,0.000000,0.000000,0.0003850038,0.3612967452
271,X83.5576Y57.7271,83.5576000000,57.7271000000,-25.4000000000,0.0000000000,0.0000000000,0.0000000000,0.0000000000,840,-651.436720,-530.311418,0.000000,0.000000,0.000000,0.000000,0.0003863767,0.3616817490
272,X83.3699Y57.5318,83.3699000000,57.5318000000,-25.4000000000,0.0000000000,0.0000000000,0.0000000000,0.0000000000,840,-582.068766,-605.636815,0.000000,0.000000,0.000000,0.000000,0.0003224705,0.3620681257
273,X83.2054Y57.3208,83.2054000000,57.3208000000,-25.4000000000,0.0000000000,0.0000000000,0.0000000000,0.0000000000,840,-516.470534,-662.463725,0.000000,0.000000,0.000000,0.000000,0.0003185080,0.3623905962
274,X83.0622Y57.0963,83.0622000000,57.0963000000,-25.4000000000,0.0000000000,0.0000000000,0.0000000000,0.0000000000,840,-451.730392,-708.194644,0.000000,0.000000,0.000000,0.000000,0.0003170032,0.3627091042
275,X82.938Y56.8605,82.9380000000,56.8605000000,-25.4000000000,0.0000000000,0.0000000000,0.0000000000,0.0000000000,840,-391.460810,-743.208204,0.000000,0.000000,0.000000,0.000000,0.0003172731,0.3630261075
276,X82.7383Y56.3635,82.7383000000,56.3635000000,-25.4000000000,0.0000000000,0.0000000000,0.0000000000,0.0000000000,840,-313.184554,-779.432765,0.000000,0.000000,0.000000,0.000000,0.0006376432,0.3633433806
277,X82.5895Y55.8471,82.5895000000,55.8471000000,-25.4000000000,0.0000000000,0.0000000000,0.0000000000,0.0000000000,840,-232.581841,-807.159022,0.000000,0.000000,0.000000,0.000000,0.0006397748,0.3639810238
278,X82.4774Y55.3252,82.4774000000,55.3252000000,-25.4000000000,0.0000000000,0.0000000000,0.0000000000,0.0000000000,840,-176.402039,-821.268726,0.000000,0.000000,0.000000,0.000000,0.0006354802,0.3646207986
279,X82.3992Y54.801,82.3992000000,54.8010000000,-25.4000000000,0.0000000000,0.0000000000,0.0000000000,0.0000000000,840,-123.939429,-830.806246,0.000000,0.000000,0.000000,0.000000,0.0006309534,0.3652562788
280,X82.355Y54.2745,82.3550000000,54.2745000000,-25.4000000000,0.0000000000,0.0000000000,0.0000000000,0.0000000000,840,-70.271327,-837.055518,0.000000,0.000000,0.000000,0.000000,0.0006289905,0.3658872322
281,X82.3447Y53.7457,82.3447000000,53.7457000000,-25.4000000000,0.0000000000,0.0000000000,0.0000000000,0.0000000000,840,-16.358471,-839.840699,0.000000,0.000000,0.000000,0.000000,0.0006296432,0.3665162227
282,X82.3568Y52.8533,82.3568000000,52.8533000000,-25.4000000000,0.0000000000,0.0000000000,0.0000000000,0.0000000000,840,11.388465,-839.922796,0.000000,0.000000,0.000000,0.000000,0.0010624786,0.3671458659
283,X82.4061Y51.9562,82.4061000000,51.9562000000,-25.4000000000,0.0000000000,0.0000000000,0.0000000000,0.0000000000,840,46.092530,-838.734451,0.000000,0.000000,0.000000,0.000000,0.0010695876,0.3682083445
284,X82.4613Y51.514,82.4613000000,51.5140000000,-25.4000000000,0.0000000000,0.0000000000,0.0000000000,0.0000000000,840,104.049978,-833.530804,0.000000,0.000000,0.000000,0.000000,0.0005305143,0.3692779322
285,X82.5457Y51.0801,82.5457000000,51.0801000000,-25.4000000000,0.0000000000,0.0000000000,0.0000000000,0.0000000000,840,160.386463,-824.546046,0.000000,0.000000,0.000000,0.000000,0.0005262289,0.3698084464
286,X82.6659Y50.6578,82.6659000000,50.6578000000,-25.4000000000,0.0000000000,0.0000000000,0.0000000000,0.0000000000,840,229.957068,-807.910730,0.000000,0.000000,0.000000,0.000000,0.0005227063,0.3703346754
287,X82.8287Y50.2502,82.8287000000,50.2502000000,-25.4000000000,0.0000000000,0.0000000000,0.0000000000,0.0000000000,840,311.572162,-780.078706,0.000000,0.000000,0.000000,0.000000,0.0005225114,0.3708573817
288,X82.862Y50.176,82.8620000000,50.1760000000,-25.4000000000,0.0000000000,0.0000000000,0.0000000000,0.0000000000,840,343.933140,-766.361530,0.000000,0.000000,0.000000,0.000000,0.0000968211,0.3713798930
289,X83.0225Y49.858,83.0225000000,49.8580000000,-25.4000000000,0.0000000000,0.0000000000,0.0000000000,0.0000000000,840,378.486562,-749.898608,0.000000,0.000000,0.000000,0.000000,0.0004240573,0.3714767142
290,X83.2224Y49.5643,83.2224000000,49.5643000000,-25.4000000000,0.0000000000,0.0000000000,0.0000000000,0.0000000000,840,472.637861,-694.415907,0.000000,0.000000,0.000000,0.000000,0.0004229454,0.3719007715
291,X83.4629Y49.3079,83.4629000000,49.3079000000,-25.4000000000,0.0000000000,0.0000000000,0.0000000000,0.0000000000,840,574.669496,-612.662199,0.000000,0.000000,0.000000,0.000000,0.0004185014,0.3723237169
292,X83.7449Y49.1019,83.7449000000,49.1019000000,-25.4000000000,0.0000000000,0.0000000000,0.0000000000,0.0000000000,840,678.296672,-495.493314,0.000000,0.000000,0.000000,0.000000,0.0004157473,0.3727422183
293,X83.9175Y49.0149,83.9175000000,49.0149000000,-25.4000000000,0.0000000000,0.0000000000,0.0000000000,0.0000000000,840,750.098054,-378.091139,0.000000,0.000000,0.000000,0.000000,0.0002301033,0.3731579656
294,X84.0998Y48.9496,84.0998000000,48.9496000000,-25.4000000000,0.0000000000,0.0000000000,0.0000000000,0.0000000000,840,790.797873,-283.264406,0.000000,0.000000,0.000000,0.000000,0.0002305267,0.3733880688
295,X84.2885Y48.9086,84.2885000000,48.9086000000,-25.4000000000,0.0000000000,0.0000000000,0.0000000000,0.0000000000,840,820.847771,-178.350602,0.000000,0.000000,0.000000,0.000000,0.0002298843,0.3736185955
296,X84.4805Y48.8944,84.4805000000,48.8944000000,-25.4000000000,0.0000000000,0.0000000000,0.0000000000,0.0000000000,840,837.712051,-61.955787,0.000000,0.000000,0.000000,0.000000,0.0002291957,0.3738484798
297,X84.6724Y48.9086,84.6724000000,48.9086000000,-25.4000000000,0.0000000000,0.0000000000,0.0000000000,0.0000000000,840,837.709676,61.987897,0.000000,0.000000,0.000000,0.000000,0.0002290770,0.3740776755
298,X84.8612Y48.9496,84.8612000000,48.9496000000,-25.4000000000,0.0000000000,0.0000000000,0.0000000000,0.0000000000,840,820.867366,178.260392,0.000000,0.000000,0.000000,0.000000,0.0002300006,0.3743067525
299,X85.0434Y49.0149,85.0434000000,49.0149000000,-25.4000000000,0.0000000000,0.0000000000,0.0000000000,0.0000000000,840,790.748508,283.402182,0.000000,0.000000,0.000000,0.000000,0.0002304146,0.3745367531
300,X85.2161Y49.1019,85.2161000000,49.1019000000,-25.4000000000,0.0000000000,0.0000000000,0.0000000000,0.0000000000,840,750.186039,377.916534,0.000000,0.000000,0.000000,0.000000,0.0002302096,0.3747671677
301,X85.5055Y49.3146,85.5055000000,49.3146000000,-25.4000000000,0.0000000000,0.0000000000,0.0000000000,0.0000000000,840,676.851892,497.465091,0.000000,0.000000,0.000000,0.000000,0.0004275677,0.3749973772
302,X85.751Y49.5801,85.7510000000,49.5801000000,-25.4000000000,0.0000000000,0.0000000000,0.0000000000,0.0000000000,840,570.285719,616.744841,0.000000,0.000000,0.000000,0.000000,0.0004304860,0.3754249449
303,X85.9537Y49.8843,85.9537000000,49.8843000000,-25.4000000000,0.0000000000,0.0000000000,0.0000000000,0.0000000000,840,465.789066,699.028287,0.000000,0.000000,0.000000,0.000000,0.0004351755,0.3758554309
304,X86.1147Y50.213,86.1147000000,50.2130000000,-25.4000000000,0.0000000000,0.0000000000,0.0000000000,0.0000000000,840,369.496212,754.368974,0.000000,0.000000,0.000000,0.000000,0.0004357284,0.3762906064
305,X86.2501Y50.6047,86.2501000000,50.6047000000,-25.4000000000,0.0000000000,0.0000000000,0.0000000000,0.0000000000,840,274.431742,793.906304,0.000000,0.000000,0.000000,0.000000,0.0004933832,0.3767263348
306,X86.34Y51.0109,86.3400000000,51.0109000000,-25.4000000000,0.0000000000,0.0000000000,0.0000000000,0.0000000000,840,181.516024,820.153603,0.000000,0.000000,0.000000,0.000000,0.0004952731,0.3772197180
307,X86.3899Y51.4267,86.3899000000,51.4267000000,-25.4000000000,0.0000000000,0.0000000000,0.0000000000,0.0000000000,840,100.089895,834.015595,0.000000,0.000000,0.000000,0.000000,0.0004985518,0.3777149911
308,X86.4053Y51.8473,86.4053000000,51.8473000000,-25.4000000000,0.0000000000,0.0000000000,0.0000000000,0.0000000000,840,30.735468,839.437509,0.000000,0.000000,0.000000,0.000000,0.0005010498,0.3782135429
309,X86.3899Y52.2679,86.3899000000,52.2679000000,-25.4000000000,0.0000000000,0.0000000000,0.0000000000,0.0000000000,840,-30.735468,839.437509,0.000000,0.000000,0.000000,0.000000,0.0005010498,0.3787145927
310,X86.34Y52.6837,86.3400000000,52.6837000000,-25.4000000000,0.0000000000,0.0000000000,0.0000000000,0.0000000000,840,-100.089895,834.015595,0.000000,0.000000,0.000000,0.000000,0.0004985518,0.3792156425
311,X86.2501Y53.0898,86.2501000000,53.0898000000,-25.4000000000,0.0000000000,0.0000000000,0.0000000000,0.0000000000,840,-181.558633,820.144172,0.000000,0.000000,0.000000,0.000000,0.0004951568,0.3797141944
312,X86.1147Y53.4815,86.1147000000,53.4815000000,-25.4000000000,0.0000000000,0.0000000000,0.0000000000,0.0000000000,840,-274.431742,793.906304,0.000000,0.000000,0.000000,0.000000,0.0004933832,0.3802093512
313,X85.9537Y53.8102,85.9537000000,53.8102000000,-25.4000000000,0.0000000000,0.0000000000,0.0000000000,0.0000000000,840,-369.496212,754.368974,0.000000,0.000000,0.000000,0.000000,0.0004357284,0.3807027344
314,X85.751Y54.1144,85.7510000000,54.1144000000,-25.4000000000,0.0000000000,0.0000000000,0.0000000000,0.0000000000,840,-465.789066,699.028287,0.000000,0.000000,0.000000,0.000000,0.0004351755,0.3811384628
315,X85.5055Y54.38,85.5055000000,54.3800000000,-25.4000000000,0.0000000000,0.0000000000,0.0000000000,0.0000000000,840,-570.169940,616.851878,0.000000,0.000000,0.000000,0.000000,0.0004305734,0.3815736383
316,X85.2161Y54.5926,85.2161000000,54.5926000000,-25.4000000000,0.0000000000,0.0000000000,0.0000000000,0.0000000000,840,-676.963500,497.313200,0.000000,0.000000,0.000000,0.000000,0.0004274972,0.3820042117
317,X85.0434Y54.6796,85.0434000000,54.6796000000,-25.4000000000,0.0000000000,0.0000000000,0.0000000000,0.0000000000,840,-750.186039,377.916534,0.000000,0.000000,0.000000,0.000000,0.0002302096,0.3824317089
318,X84.8612Y54.7449,84.8612000000,54.7449000000,-25.4000000000,0.0000000000,0.0000000000,0.0000000000,0.0000000000,840,-790.748508,283.402182,0.000000,0.000000,0.000000,0.000000,0.0002304146,0.3826619184
319,X84.6724Y54.7859,84.6724000000,54.7859000000,-25.4000000000,0.0000000000,0.0000000000,0.0000000000,0.0000000000,840,-820.867366,178.260392,0.000000,0.000000,0.000000,0.000000,0.0002300006,0.3828923330
320,X84.4805Y54.8002,84.4805000000,54.8002000000,-25.4000000000,0.0000000000,0.0000000000,0.0000000000,0.0000000000,840,-837.677438,62.422029,0.000000,0.000000,0.000000,0.000000,0.0002290858,0.3831223337
321,X84.2885Y54.7859,84.2885000000,54.7859000000,-25.4000000000,0.0000000000,0.0000000000,0.0000000000,0.0000000000,840,-837.679847,-62.389697,0.000000,0.000000,0.000000,0.000000,0.0002292045,0.3833514194
322,X84.0998Y54.7449,84.0998000000,54.7449000000,-25.4000000000,0.0000000000,0.0000000000,0.0000000000,0.0000000000,840,-820.847771,-178.350602,0.000000,0.000000,0.000000,0.000000,0.0002298843,0.3835806240
323,X83.9175Y54.6796,83.9175000000,54.6796000000,-25.4000000000,0.0000000000,0.0000000000,0.0000000000,0.0000000000,840,-790.797873,-283.264406,0.000000,0.000000,0.000000,0.000000,0.0002305267,0.3838105082
324,X83.7449Y54.5926,83.7449000000,54.5926000000,-25.4000000000,0.0000000000,0.0000000000,0.0000000000,0.0000000000,840,-750.098054,-378.091139,0.000000,0.000000,0.000000,0.000000,0.0002301033,0.3840410349
325,X83.4555Y54.38,83.4555000000,54.3800000000,-25.4000000000,0.0000000000,0.0000000000,0.0000000000,0.0000000000,840,-676.963500,-497.313200,0.000000,0.000000,0.000000,0.000000,0.0004274972,0.3842711382
326,X83.21Y54.1144,83.2100000000,54.1144000000,-25.4000000000,0.0000000000,0.0000000000,0.0000000000,0.0000000000,840,-570.169940,-616.851878,0.000000,0.000000,0.000000,0.000000,0.0004305734,0.3846986354
327,X83.0073Y53.8102,83.0073000000,53.8102000000,-25.4000000000,0.0000000000,0.0000000000,0.0000000000,0.0000000000,840,-465.789066,-699.028287,0.000000,0.000000,0.000000,0.000000,0.0004351755,0.3851292087
328,X82.8462Y53.4815,82.8462000000,53.4815000000,-25.4000000000,0.0000000000,0.0000000000,0.0000000000,0.0000000000,840,-369.681273,-754.278302,0.000000,0.000000,0.000000,0.000000,0.0004357808,0.3855643843
329,X82.7108Y53.0898,82.7108000000,53.0898000000,-25.4000000000,0.0000000000,0.0000000000,0.0000000000,0.0000000000,840,-274.431742,-793.906304,0.000000,0.000000,0.000000,0.000000,0.0004933832,0.3860001651
330,X82.6209Y52.6837,82.6209000000,52.6837000000,-25.4000000000,0.0000000000,0.0000000000,0.0000000000,0.0000000000,840,-181.558633,-820.144172,0.000000,0.000000,0.000000,0.000000,0.0004951568,0.3864935482
331,X82.5711Y52.2679,82.5711000000,52.2679000000,-25.4000000000,0.0000000000,0.0000000000,0.0000000000,0.0000000000,840,-99.892153,-834.039302,0.000000,0.000000,0.000000,0.000000,0.0004985377,0.3869887051
332,X82.5557Y51.8473,82.5557000000,51.8473000000,-25.4000000000,0.0000000000,0.0000000000,0.0000000000,0.0000000000,840,-30.735468,-839.437509,0.000000,0.000000,0.000000,0.000000,0.0005010498,0.3874872427
333,X82.5711Y51.4267,82.5711000000,51.4267000000,-25.4000000000,0.0000000000,0.0000000000,0.0000000000,0.0000000000,840,30.735468,-839.437509,0.000000,0.000000,0.000000,0.000000,0.0005010498,0.3879882925
334,X82.6209Y51.0109,82.6209000000,51.0109000000,-25.4000000000,0.0000000000,0.0000000000,0.0000000000,0.0000000000,840,99.892153,-834.039302,0.000000,0.000000,0.000000,0.000000,0.0004985377,0.3884893423
335,X82.7108Y50.6047,82.7108000000,50.6047000000,-25.4000000000,0.0000000000,0.0000000000,0.0000000000,0.0000000000,840,181.516024,-820.153603,0.000000,0.000000,0.000000,0.000000,0.0004952731,0.3889878800
336,X82.8462Y50.213,82.8462000000,50.2130000000,-25.4000000000,0.0000000000,0.0000000000,0.0000000000,0.0000000000,840,274.431742,-793.906304,0.000000,0.000000,0.000000,0.000000,0.0004933832,0.3894831531
337,G00Z3.,82.8462000000,50.2130000000,3.0000000000,0.0000000000,0.0000000000,0.0000000000,0.0000000000,5000.0000000000,0.000000,0.000000,5000.000000,0.000000,0.000000,0.000000,0.0056800000,0.3899765362
338,Z100.,82.8462000000,50.2130000000,100.0000000000,0.0000000000,0.0000000000,0.0000000000,0.0000000000,5000.0000000000,0.000000,0.000000,5000.000000,0.000000,0.000000,0.000000,0.0194000000,0.3956565362
339,X0.Y0.,0.0000000000,0.0000000000,100.0000000000,0.0000000000,0.0000000000,0.0000000000,0.0000000000,5000.0000000000,-4275.916364,-2591.628686,0.000000,0.000000,0.000000,0.000000,0.0193750749,0.4150565362
340,G05P0,0.0000000000,0.0000000000,100.0000000000,0.0000000000,0.0000000000,0.0000000000,0.0000000000,5000.0000000000,0.000000,0.000000,0.000000,0.000000,0.000000,0.000000,0.0000000000,0.4344316112
341,M99,0.0000000000,0.0000000000,100.0000000000,0.0000000000,0.0000000000,0.0000000000,0.0000000000,5000.0000000000,0.000000,0.000000,0.000000,0.000000,0.000000,0.000000,0.0000000000,0.4344316112
342,%,0.0000000000,0.0000000000,100.0000000000,0.0000000000,0.0000000000,0.0000000000,0.0000000000,5000.0000000000,0.000000,0.000000,0.000000,0.000000,0.000000,0.000000,0.0000000000,0.4344316112


